{
    "$schema": "http://json-schema.org/draft-07/schema#",
    "$id": "https://example.com/schemas/test.schema.json",
    "title": "Test Schema with Definitions",
    "description": "包含多个定义的基本示例，用于测试代码生成工具",
    "definitions": {
        "User": {
            "type": "object",
            "properties": {
                "id": {
                    "type": "integer",
                    "description": "用户唯一ID"
                },
                "name": {
                    "type": "string",
                    "minLength": 2,
                    "maxLength": 50
                },
                "email": {
                    "type": "string",
                    "format": "email"
                },
                "is_active": {
                    "type": "boolean",
                    "default": true
                }
            },
            "required": [
                "id",
                "name",
                "email"
            ]
        },
        "Product": {
            "type": "object",
            "properties": {
                "sku": {
                    "type": "string",
                    "pattern": "^[A-Z]{3}-\\d{5}$"
                },
                "name": {
                    "type": "string",
                    "minLength": 5
                },
                "price": {
                    "type": "number",
                    "minimum": 0.01,
                    "exclusiveMinimum": true
                },
                "in_stock": {
                    "type": "integer",
                    "minimum": 0
                },
                "tags": {
                    "type": "array",
                    "items": {
                        "type": "string"
                    },
                    "minItems": 1
                }
            },
            "required": [
                "sku",
                "name",
                "price"
            ]
        },
        "Address": {
            "type": "object",
            "properties": {
                "street": {
                    "type": "string"
                },
                "city": {
                    "type": "string"
                },
                "state": {
                    "type": "string",
                    "enum": [
                        "CA",
                        "NY",
                        "TX",
                        "FL",
                        "WA"
                    ]
                },
                "zip": {
                    "type": "string",
                    "pattern": "^\\d{5}(-\\d{4})?$"
                }
            },
            "required": [
                "street",
                "city",
                "state",
                "zip"
            ]
        },
        "Order": {
            "type": "object",
            "properties": {
                "order_id": {
                    "type": "string",
                    "format": "uuid"
                },
                "user": {
                    "$ref": "#/definitions/User"
                },
                "products": {
                    "type": "array",
                    "items": {
                        "$ref": "#/definitions/Product"
                    },
                    "minItems": 1
                },
                "shipping_address": {
                    "$ref": "#/definitions/Address"
                },
                "status": {
                    "type": "string",
                    "enum": [
                        "pending",
                        "processing",
                        "shipped",
                        "delivered",
                        "cancelled"
                    ]
                }
            },
            "required": [
                "order_id",
                "user",
                "products",
                "status"
            ]
        }
    },
    "anyOf": [
        {
            "$ref": "#/definitions/User"
        },
        {
            "$ref": "#/definitions/Product"
        },
        {
            "$ref": "#/definitions/Order"
        }
    ]
}